,Jogador,Campeonato,Rodada,Data,Mandante,Oponente,Posição,Minuto,Tipo,Assistido por
50,Ronaldo,Champions League,Quarter-Finals,2007-04-10,H,AS Roma,RW,44,Right-footed shot,Ryan Giggs
53,Ronaldo,Champions League,Semi-Finals,2007-04-24,H,AC Milan,RW,5,Header,Ryan Giggs
55,Ronaldo,Champions League,Group Stage,2007-09-19,A,Sporting CP,RW,62,Header,Wes Brown
59,Ronaldo,Champions League,Group Stage,2007-10-23,A,Dynamo Kyiv,RW,41,Penalty,
62,Ronaldo,Champions League,Group Stage,2007-11-07,H,Dynamo Kyiv,RW,88,Right-footed shot,Patrice Evra
65,Ronaldo,Champions League,Group Stage,2007-11-27,H,Sporting CP,RW,93,Direct free kick,
84,Ronaldo,Champions League,Round of 16,2008-03-04,H,Olympique Lyon,RW,41,Left-footed shot,
90,Ronaldo,Champions League,Quarter-Finals,2008-04-01,A,AS Roma,RW,39,Header,Paul Scholes
96,Ronaldo,Champions League,Final,2008-05-21,H,Chelsea,LW,26,Header,Wes Brown
106,Ronaldo,Club World Cup,Semi-Finals,2008-12-18,A,Gamba Osaka,LW,46,Header,Ryan Giggs
113,Ronaldo,Champions League,Round of 16,2009-03-11,H,Inter,RW,49,Header,Wayne Rooney
117,Ronaldo,Champions League,Quarter-Finals,2009-04-15,A,FC Porto,RW,6,Long distance kick,Anderson
120,Ronaldo,Champions League,Semi-Finals,2009-05-05,A,Arsenal,CF,11,Direct free kick,
123,Ronaldo,LaLiga,Group Stage,2009-08-29,H,Dep. La Coruña  ,RW,34,Penalty,
124,Ronaldo,LaLiga,Group Stage,2009-09-12,A,Espanyol  ,,90,Right-footed shot,Guti
125,Ronaldo,Champions League,Group Stage,2009-09-15,A,FC Zürich,LW,27,Direct free kick,
127,Ronaldo,LaLiga,Group Stage,2009-09-20,H,Xerez CD  ,RW,1,Right-footed shot,
129,Ronaldo,LaLiga,Group Stage,2009-09-23,A,Villarreal  ,CF,2,Right-footed shot,
130,Ronaldo,Champions League,Group Stage,2009-09-30,H,Marseille,LW,58,Left-footed shot,Pepe
132,Ronaldo,LaLiga,Group Stage,2009-12-05,H,UD Almería  ,CF,84,Right-footed shot,Gonzalo Higuaín
133,Ronaldo,Champions League,Group Stage,2009-12-08,A,Marseille,CF,5,Direct free kick,
135,Ronaldo,LaLiga,Group Stage,2009-12-19,H,Real Zaragoza  ,CF,50,Left-footed shot,Ezequiel Garay
136,Ronaldo,LaLiga,Group Stage,2010-01-24,H,Málaga CF  ,RW,35,Right-footed shot,Kaká
138,Ronaldo,LaLiga,Group Stage,2010-02-13,A,Xerez CD  ,,69,Header,Kaká
140,Ronaldo,LaLiga,Group Stage,2010-02-21,H,Villarreal  ,,18,Direct free kick,
141,Ronaldo,LaLiga,Group Stage,2010-02-27,A,CD Tenerife  ,,78,Penalty,
142,Ronaldo,LaLiga,Group Stage,2010-03-06,H,Sevilla FC  ,CF,59,Left-footed shot,
143,Ronaldo,Champions League,Round of 16,2010-03-10,H,Olympique Lyon,LW,6,Left-footed shot,Guti
144,Ronaldo,LaLiga,Group Stage,2010-03-14,A,Real Valladolid  ,CF,29,Direct free kick,
145,Ronaldo,LaLiga,Group Stage,2010-03-25,A,Getafe  ,,13,Direct free kick,
147,Ronaldo,LaLiga,Group Stage,2010-04-04,A,Racing  ,,23,Penalty,
148,Ronaldo,LaLiga,Group Stage,2010-04-15,A,UD Almería  ,,26,Left-footed shot,
149,Ronaldo,LaLiga,Group Stage,2010-04-18,H,Valencia  ,CF,77,Right-footed shot,Marcelo
150,Ronaldo,LaLiga,Group Stage,2010-05-02,H,CA Osasuna  ,,25,Right-footed shot,
152,Ronaldo,LaLiga,Group Stage,2010-05-05,A,RCD Mallorca  ,,26,Right-footed shot,Sergio Ramos
155,Ronaldo,LaLiga,Group Stage,2010-05-08,H,Athletic  ,CF,21,Penalty,
156,Ronaldo,LaLiga,Group Stage,2010-09-21,H,Espanyol  ,LW,28,Penalty,
157,Ronaldo,LaLiga,Group Stage,2010-10-03,H,Dep. La Coruña  ,LW,4,Header,Mesut Özil
159,Ronaldo,LaLiga,Group Stage,2010-10-16,A,Málaga CF  ,LW,45,Right-footed shot,Mesut Özil
161,Ronaldo,Champions League,Group Stage,2010-10-19,H,AC Milan,LW,13,Direct free kick,
162,Ronaldo,LaLiga,Group Stage,2010-10-23,H,Racing  ,LW,15,Right-footed shot,Gonzalo Higuaín
166,Ronaldo,LaLiga,Group Stage,2010-10-30,A,Hércules CF  ,LW,82,Right-footed shot,Karim Benzema
168,Ronaldo,Copa del Rey,Group Stage,2010-11-10,H,Real Murcia,,76,Left-footed shot,Ángel Di María
169,Ronaldo,LaLiga,Group Stage,2010-11-20,H,Athletic  ,LW,30,Left-footed shot,Mesut Özil
172,Ronaldo,Champions League,Group Stage,2010-11-23,A,Ajax,LW,70,Left-footed shot,Ángel Di María
174,Ronaldo,LaLiga,Group Stage,2010-12-04,H,Valencia  ,LW,72,Left-footed shot,Mesut Özil
176,Ronaldo,Champions League,Group Stage,2010-12-08,H,AJ Auxerre,LW,49,Right-footed shot,Marcelo
177,Ronaldo,LaLiga,Group Stage,2010-12-12,A,Real Zaragoza  ,LW,43,Direct free kick,
178,Ronaldo,Copa del Rey,Round of 16,2010-12-22,H,Levante,LW,44,Right-footed shot,Karim Benzema
181,Ronaldo,LaLiga,Group Stage,2011-01-03,A,Getafe  ,LW,11,Penalty,
183,Ronaldo,LaLiga,Group Stage,2011-01-09,H,Villarreal  ,LW,10,Right-footed shot,Mesut Özil
186,Ronaldo,Copa del Rey,Quarter-Finals,2011-01-13,H,Atlético Madrid,LW,60,Right-footed shot,Mesut Özil
187,Ronaldo,Copa del Rey,Quarter-Finals,2011-01-20,A,Atlético Madrid,CF,22,Right-footed shot,Sergio Ramos
188,Ronaldo,LaLiga,Group Stage,2011-02-06,H,Real Sociedad  ,LW,20,Left-footed shot,Kaká
190,Ronaldo,LaLiga,Group Stage,2011-03-03,H,Málaga CF  ,LW,50,Left-footed shot,Mesut Özil
193,Ronaldo,Champions League,Quarter-Finals,2011-04-05,H,Spurs,LW,87,Right-footed shot,Kaká
194,Ronaldo,LaLiga,Group Stage,2011-04-09,A,Athletic  ,,70,Right-footed shot,Esteban Granero
195,Ronaldo,Champions League,Quarter-Finals,2011-04-13,A,Spurs,RW,50,Right-footed shot,Sami Khedira
196,Ronaldo,LaLiga,Group Stage,2011-04-16,H,FC Barcelona  ,LW,82,Penalty,
197,Ronaldo,Copa del Rey,Final,2011-04-20,A,FC Barcelona,CF,103,Header,Ángel Di María
198,Ronaldo,LaLiga,Group Stage,2011-05-07,A,Sevilla FC  ,LW,30,Right-footed shot,Pepe
202,Ronaldo,LaLiga,Group Stage,2011-05-10,H,Getafe  ,LW,23,Header,Mesut Özil
205,Ronaldo,LaLiga,Group Stage,2011-05-15,A,Villarreal  ,CF,22,Direct free kick,
207,Ronaldo,LaLiga,Group Stage,2011-05-21,H,UD Almería  ,LW,4,Right-footed shot,Sergio Ramos
209,Ronaldo,Supercopa,Final,2011-08-17,A,FC Barcelona,LW,20,Right-footed shot,Karim Benzema
210,Ronaldo,LaLiga,Group Stage,2011-08-28,A,Real Zaragoza  ,LW,23,Left-footed shot,Mesut Özil
213,Ronaldo,LaLiga,Group Stage,2011-09-10,H,Getafe  ,LW,59,Penalty,
214,Ronaldo,LaLiga,Group Stage,2011-09-24,H,Rayo Vallecano  ,LW,39,Left-footed shot,Kaká
217,Ronaldo,Champions League,Group Stage,2011-09-27,H,Ajax,LW,25,Right-footed shot,Karim Benzema
218,Ronaldo,LaLiga,Group Stage,2011-10-22,A,Málaga CF  ,LW,24,Left-footed shot,Ángel Di María
221,Ronaldo,Champions League,Group Stage,2011-11-02,A,Olympique Lyon,LW,25,Direct free kick,
223,Ronaldo,LaLiga,Group Stage,2011-11-06,H,CA Osasuna  ,LW,23,Header,Ángel Di María
226,Ronaldo,LaLiga,Group Stage,2011-11-19,A,Valencia  ,LW,79,Right-footed shot,Pepe
227,Ronaldo,LaLiga,Group Stage,2011-11-26,H,Atlético Madrid  ,LW,24,Penalty,
229,Ronaldo,LaLiga,Group Stage,2011-12-03,A,Sporting Gijón  ,LW,65,Right-footed shot,Ángel Di María
230,Ronaldo,Copa del Rey,Group Stage,2011-12-13,A,Ponferradina,LW,74,Left-footed shot,Gonzalo Higuaín
231,Ronaldo,LaLiga,Group Stage,2011-12-17,A,Sevilla FC  ,LW,10,Right-footed shot,Ángel Di María
234,Ronaldo,LaLiga,Group Stage,2012-01-07,H,Granada CF  ,LW,89,Right-footed shot,
235,Ronaldo,Copa del Rey,Quarter-Finals,2012-01-18,H,FC Barcelona,LW,11,Left-footed shot,Karim Benzema
236,Ronaldo,LaLiga,Group Stage,2012-01-22,H,Athletic  ,LW,46,Penalty,
238,Ronaldo,Copa del Rey,Quarter-Finals,2012-01-25,A,FC Barcelona,LW,68,Right-footed shot,Mesut Özil
239,Ronaldo,LaLiga,Group Stage,2012-01-28,H,Real Zaragoza  ,LW,48,Right-footed shot,Mesut Özil
240,Ronaldo,LaLiga,Group Stage,2012-02-12,H,Levante  ,LW,45,Penalty,
243,Ronaldo,LaLiga,Group Stage,2012-02-18,H,Racing  ,LW,6,Header,Kaká
244,Ronaldo,Champions League,Round of 16,2012-02-21,A,CSKA Moscow,LW,28,Left-footed shot,Fábio Coentrão
245,Ronaldo,LaLiga,Group Stage,2012-02-26,A,Rayo Vallecano  ,LW,53,Right-footed shot,
246,Ronaldo,LaLiga,Group Stage,2012-03-04,H,Espanyol  ,LW,23,Left-footed shot,Gonzalo Higuaín
247,Ronaldo,LaLiga,Group Stage,2012-03-10,A,Real Betis  ,LW,52,Left-footed shot,Marcelo
249,Ronaldo,Champions League,Round of 16,2012-03-14,H,CSKA Moscow,LW,55,Right-footed shot,Sergio Ramos
251,Ronaldo,LaLiga,Group Stage,2012-03-21,A,Villarreal  ,LW,61,Right-footed shot,Mesut Özil
252,Ronaldo,LaLiga,Group Stage,2012-03-24,H,Real Sociedad  ,LW,32,Right-footed shot,Kaká
254,Ronaldo,LaLiga,Group Stage,2012-03-31,A,CA Osasuna  ,LW,37,Long distance kick,Xabi Alonso
256,Ronaldo,Champions League,Quarter-Finals,2012-04-04,H,APOEL Nicosia,LW,26,Right-footed shot,Marcelo
258,Ronaldo,LaLiga,Group Stage,2012-04-11,A,Atlético Madrid  ,LW,24,Direct free kick,
261,Ronaldo,LaLiga,Group Stage,2012-04-14,H,Sporting Gijón  ,LW,74,Header,Ángel Di María
262,Ronaldo,LaLiga,Group Stage,2012-04-21,A,FC Barcelona  ,LW,73,Right-footed shot,Mesut Özil
263,Ronaldo,Champions League,Semi-Finals,2012-04-25,H,Bayern Munich ,LW,6,Penalty,
265,Ronaldo,LaLiga,Group Stage,2012-04-29,H,Sevilla FC  ,LW,19,Right-footed shot,Karim Benzema
266,Ronaldo,LaLiga,Group Stage,2012-05-02,A,Athletic  ,LW,49,Header,Xabi Alonso
267,Ronaldo,LaLiga,Group Stage,2012-05-05,A,Granada CF  ,LW,81,Penalty,
268,Ronaldo,LaLiga,Group Stage,2012-05-13,H,RCD Mallorca  ,LW,18,Header,Marcelo
269,Ronaldo,Supercopa,Final,2012-08-23,A,FC Barcelona,LW,55,Header,Mesut Özil
270,Ronaldo,Supercopa,Final,2012-08-29,H,FC Barcelona,LW,19,Right-footed shot,Sami Khedira
271,Ronaldo,LaLiga,Group Stage,2012-09-02,H,Granada CF  ,LW,25,Right-footed shot,José Callejón
273,Ronaldo,Champions League,Group Stage,2012-09-18,H,Man City,LW,90,Right-footed shot,Marcelo
274,Ronaldo,LaLiga,Group Stage,2012-09-24,A,Rayo Vallecano  ,LW,69,Penalty,
275,Ronaldo,LaLiga,Group Stage,2012-09-30,H,Dep. La Coruña  ,LW,23,Penalty,
278,Ronaldo,Champions League,Group Stage,2012-10-03,A,Ajax,LW,42,Right-footed shot,Karim Benzema
281,Ronaldo,LaLiga,Group Stage,2012-10-07,A,FC Barcelona  ,LW,22,Left-footed shot,Karim Benzema
283,Ronaldo,LaLiga,Group Stage,2012-10-20,H,Celta de Vigo  ,LW,67,Penalty,
284,Ronaldo,Champions League,Group Stage,2012-10-24,A,Bor. Dortmund,LW,38,Right-footed shot,Mesut Özil
285,Ronaldo,LaLiga,Group Stage,2012-10-28,A,RCD Mallorca  ,LW,22,Right-footed shot,Gonzalo Higuaín
287,Ronaldo,LaLiga,Group Stage,2012-11-11,A,Levante  ,CF,20,Right-footed shot,
288,Ronaldo,LaLiga,Group Stage,2012-12-01,H,Atlético Madrid  ,LW,16,Direct free kick,
289,Ronaldo,Champions League,Group Stage,2012-12-04,H,Ajax,LW,13,Right-footed shot,Karim Benzema
290,Ronaldo,Copa del Rey,Round of 16,2012-12-12,A,Celta de Vigo,LW,87,Left-footed shot,Xabi Alonso
291,Ronaldo,LaLiga,Group Stage,2012-12-16,H,Espanyol  ,CF,45,Right-footed shot,Sami Khedira
292,Ronaldo,LaLiga,Group Stage,2013-01-06,H,Real Sociedad  ,LW ,67,Left-footed shot,Karim Benzema
294,Ronaldo,Copa del Rey,Round of 16,2013-01-09,H,Celta de Vigo,LW,2,Right-footed shot,Álvaro Arbeloa
297,Ronaldo,LaLiga,Group Stage,2013-01-20,A,Valencia  ,LW,35,Left-footed shot,Fábio Coentrão
299,Ronaldo,LaLiga,Group Stage,2013-01-27,H,Getafe  ,LW,62,Left-footed shot,Mesut Özil
302,Ronaldo,LaLiga,Group Stage,2013-02-09,H,Sevilla FC  ,LW,26,Left-footed shot,Kaká
305,Ronaldo,Champions League,Round of 16,2013-02-13,H,Man Utd,LW,30,Header,Ángel Di María
306,Ronaldo,Copa del Rey,Semi-Finals,2013-02-26,A,FC Barcelona,LW,12,Penalty,
308,Ronaldo,Champions League,Round of 16,2013-03-05,A,Man Utd,LW,69,Right-footed shot,Gonzalo Higuaín
309,Ronaldo,LaLiga,Group Stage,2013-03-10,A,Celta de Vigo  ,LW,61,Left-footed shot,José Callejón
311,Ronaldo,LaLiga,Group Stage,2013-03-16,H,RCD Mallorca  ,LW,52,Header,Mesut Özil
312,Ronaldo,LaLiga,Group Stage,2013-03-30,A,Real Zaragoza  ,LW,38,Long distance kick,
313,Ronaldo,Champions League,Quarter-Finals,2013-04-03,H,Galatasaray,LW,9,Left-footed shot,Mesut Özil
314,Ronaldo,LaLiga,Group Stage,2013-04-06,H,Levante  ,CF,84,Right-footed shot,Gonzalo Higuaín
315,Ronaldo,Champions League,Quarter-Finals,2013-04-09,A,Galatasaray,LW,8,Right-footed shot,Sami Khedira
317,Ronaldo,LaLiga,Group Stage,2013-04-14,A,Athletic  ,LW,2,Direct free kick,
319,Ronaldo,Champions League,Semi-Finals,2013-04-24,A,Bor. Dortmund,LW,43,Right-footed shot,Gonzalo Higuaín
320,Ronaldo,LaLiga,Group Stage,2013-05-04,H,Real Valladolid  ,LW,32,Header,Ángel Di María
322,Ronaldo,LaLiga,Group Stage,2013-05-08,H,Málaga CF  ,LW ,26,Right-footed shot,Xabi Alonso
323,Ronaldo,Copa del Rey,Final,2013-05-17,A,Atlético Madrid,LW,14,Header,Luka Modric
324,Ronaldo,LaLiga,Group Stage,2013-09-01,H,Athletic  ,LW,45,Header,Ángel Di María
325,Ronaldo,LaLiga,Group Stage,2013-09-14,A,Villarreal  ,LW,64,Right-footed shot,
326,Ronaldo,Champions League,Group Stage,2013-09-17,A,Galatasaray,LW,63,Left-footed shot,Isco
329,Ronaldo,LaLiga,Group Stage,2013-09-22,H,Getafe  ,LW,34,Penalty,
331,Ronaldo,LaLiga,Group Stage,2013-09-25,A,Elche CF  ,LW,51,Direct free kick,
333,Ronaldo,Champions League,Group Stage,2013-10-02,H,FC Copenhagen,LW,21,Header,Marcelo
335,Ronaldo,LaLiga,Group Stage,2013-10-05,A,Levante  ,LW,94,Right-footed shot,Luka Modric
336,Ronaldo,LaLiga,Group Stage,2013-10-19,H,Málaga CF  ,LW,91,Penalty,
337,Ronaldo,Champions League,Group Stage,2013-10-23,H,Juventus,LW,4,Right-footed shot,Ángel Di María
339,Ronaldo,LaLiga,Group Stage,2013-10-30,H,Sevilla FC  ,LW,31,Penalty,
342,Ronaldo,LaLiga,Group Stage,2013-11-02,A,Rayo Vallecano  ,LW,3,Right-footed shot,Luka Modric
344,Ronaldo,Champions League,Group Stage,2013-11-05,A,Juventus,LW,52,Right-footed shot,Karim Benzema
345,Ronaldo,LaLiga,Group Stage,2013-11-09,H,Real Sociedad  ,LW,12,Right-footed shot,Karim Benzema
348,Ronaldo,LaLiga,Group Stage,2013-11-23,A,UD Almería  ,LW,3,Left-footed shot,Isco
349,Ronaldo,Champions League,Group Stage,2013-12-10,A,FC Copenhagen,LW,48,Right-footed shot,Pepe
350,Ronaldo,LaLiga,Group Stage,2013-12-22,A,Valencia  ,LW,40,Header,Ángel Di María
351,Ronaldo,LaLiga,Group Stage,2014-01-06,H,Celta de Vigo  ,LW,82,Right-footed shot,Daniel Carvajal
353,Ronaldo,Copa del Rey,Round of 16,2014-01-15,A,CA Osasuna,LW,22,Direct free kick,
354,Ronaldo,LaLiga,Group Stage,2014-01-18,A,Real Betis  ,LW,10,Right-footed shot,Ángel Di María
355,Ronaldo,LaLiga,Group Stage,2014-01-25,H,Granada CF  ,LW,57,Right-footed shot,Luka Modric
356,Ronaldo,Copa del Rey,Semi-Finals,2014-02-11,A,Atlético Madrid,LW,6,Penalty,
358,Ronaldo,Champions League,Round of 16,2014-02-26,A,FC Schalke 04,LW,52,Left-footed shot,Gareth Bale
360,Ronaldo,LaLiga,Group Stage,2014-03-02,A,Atlético Madrid  ,LW,82,Right-footed shot,Gareth Bale
361,Ronaldo,LaLiga,Group Stage,2014-03-09,H,Levante  ,LW,11,Header,Ángel Di María
362,Ronaldo,LaLiga,Group Stage,2014-03-15,A,Málaga CF  ,LW,23,Right-footed shot,Gareth Bale
363,Ronaldo,Champions League,Round of 16,2014-03-18,H,FC Schalke 04,LW,22,Right-footed shot,Gareth Bale
365,Ronaldo,LaLiga,Group Stage,2014-03-23,H,FC Barcelona  ,LW,55,Penalty,
366,Ronaldo,LaLiga,Group Stage,2014-03-26,A,Sevilla FC  ,LW,14,Direct free kick,
367,Ronaldo,LaLiga,Group Stage,2014-03-29,H,Rayo Vallecano  ,LW,15,Right-footed shot,Gareth Bale
368,Ronaldo,Champions League,Quarter-Finals,2014-04-02,H,Bor. Dortmund,LW,57,Left-footed shot,Luka Modric
369,Ronaldo,LaLiga,Group Stage,2014-04-26,H,CA Osasuna  ,LW,6,Long distance kick,Ángel Di María
371,Ronaldo,Champions League,Semi-Finals,2014-04-29,A,Bayern Munich ,LW,34,Counter attack goal,Gareth Bale
373,Ronaldo,LaLiga,Group Stage,2014-05-04,H,Valencia  ,LW,90,Right-footed shot,Ángel Di María
374,Ronaldo,Champions League,Final,2014-05-24,H,Atlético Madrid,LW,120,Penalty,
375,Ronaldo,UEFA Super Cup,Final,2014-08-12,H,Sevilla FC,LW,30,Right-footed shot,Gareth Bale
377,Ronaldo,LaLiga,Group Stage,2014-08-25,H,Córdoba CF  ,LW,90,Right-footed shot,Isco
378,Ronaldo,LaLiga,Group Stage,2014-09-13,H,Atlético Madrid  ,LW,25,Penalty,
379,Ronaldo,Champions League,Group Stage,2014-09-16,H,FC Basel,LW,31,Right-footed shot,Gareth Bale
380,Ronaldo,LaLiga,Group Stage,2014-09-20,A,Dep. La Coruña  ,RW,29,Header,Álvaro Arbeloa
383,Ronaldo,LaLiga,Group Stage,2014-09-23,H,Elche CF  ,CF,28,Penalty,
387,Ronaldo,LaLiga,Group Stage,2014-09-27,A,Villarreal  ,CF,40,Right-footed shot,Karim Benzema
388,Ronaldo,Champions League,Group Stage,2014-10-01,A,Ludogorets,CF,25,Penalty,
389,Ronaldo,LaLiga,Group Stage,2014-10-05,H,Athletic  ,LW,3,Header,Gareth Bale
392,Ronaldo,LaLiga,Group Stage,2014-10-18,A,Levante  ,CF,13,Penalty,
394,Ronaldo,Champions League,Group Stage,2014-10-22,A,Liverpool,CF,23,Right-footed shot,James Rodríguez
395,Ronaldo,LaLiga,Group Stage,2014-10-25,H,FC Barcelona  ,CF,35,Penalty,
396,Ronaldo,LaLiga,Group Stage,2014-11-01,A,Granada CF  ,CF,2,Right-footed shot,Karim Benzema
397,Ronaldo,LaLiga,Group Stage,2014-11-08,H,Rayo Vallecano  ,CF,83,Right-footed shot,Isco
398,Ronaldo,LaLiga,Group Stage,2014-11-22,A,SD Eibar  ,CF,43,Right-footed shot,Daniel Carvajal
400,Ronaldo,Champions League,Group Stage,2014-11-26,A,FC Basel,LW,35,Left-footed shot,Karim Benzema
401,Ronaldo,LaLiga,Group Stage,2014-12-06,H,Celta de Vigo  ,CF,36,Penalty,
404,Ronaldo,Champions League,Group Stage,2014-12-09,H,Ludogorets,CF ,20,Penalty,
405,Ronaldo,LaLiga,Group Stage,2014-12-12,A,UD Almería  ,CF,81,Right-footed shot,Karim Benzema
407,Ronaldo,LaLiga,Group Stage,2015-01-04,A,Valencia  ,LW,14,Penalty,
408,Ronaldo,Copa del Rey,Round of 16,2015-01-15,H,Atlético Madrid,CF,54,Header,Gareth Bale
409,Ronaldo,LaLiga,Group Stage,2015-01-18,A,Getafe  ,LW,63,Left-footed shot,Karim Benzema
411,Ronaldo,Champions League,Round of 16,2015-02-18,A,FC Schalke 04,LW,26,Header,Daniel Carvajal
412,Ronaldo,LaLiga,Group Stage,2015-02-22,A,Elche CF  ,CF,69,Header,Isco
413,Ronaldo,LaLiga,Group Stage,2015-03-01,H,Villarreal  ,CF,52,Penalty,
414,Ronaldo,Champions League,Round of 16,2015-03-10,H,FC Schalke 04,CF,25,Header,Toni Kroos
416,Ronaldo,LaLiga,Group Stage,2015-03-22,A,FC Barcelona  ,LW,31,Right-footed shot,Karim Benzema
417,Ronaldo,LaLiga,Group Stage,2015-04-05,H,Granada CF  ,CF,30,Right-footed shot,James Rodríguez
422,Ronaldo,LaLiga,Group Stage,2015-04-08,A,Rayo Vallecano  ,LW,68,Header,Daniel Carvajal
423,Ronaldo,LaLiga,Group Stage,2015-04-11,H,SD Eibar  ,LW,21,Direct free kick,
424,Ronaldo,LaLiga,Group Stage,2015-04-18,H,Málaga CF  ,CF,92,Left-footed shot,Chicharito
425,Ronaldo,LaLiga,Group Stage,2015-05-02,A,Sevilla FC  ,CF,36,Header,Isco
428,Ronaldo,Champions League,Semi-Finals,2015-05-05,A,Juventus,CF,27,Header,James Rodríguez
429,Ronaldo,Champions League,Semi-Finals,2015-05-13,H,Juventus,LW,23,Penalty,
430,Ronaldo,LaLiga,Group Stage,2015-05-17,A,Espanyol  ,LW,59,Left-footed shot,Karim Benzema
433,Ronaldo,LaLiga,Group Stage,2015-05-23,H,Getafe  ,LW,13,Header,Marcelo
436,Ronaldo,LaLiga,Group Stage,2015-09-12,A,Espanyol  ,LW,7,Right-footed shot,Luka Modric
441,Ronaldo,Champions League,Group Stage,2015-09-15,H,Shakhtar D.,LW,56,Penalty,
444,Ronaldo,Champions League,Group Stage,2015-09-30,A,Malmö FF,LW ,29,Right-footed shot,Isco
446,Ronaldo,LaLiga,Group Stage,2015-10-17,H,Levante  ,CF,30,Right-footed shot,Toni Kroos
447,Ronaldo,LaLiga,Group Stage,2015-10-24,A,Celta de Vigo  ,CF,8,Right-footed shot,Lucas Vázquez
448,Ronaldo,LaLiga,Group Stage,2015-10-31,H,UD Las Palmas  ,CF,14,Header,Marcelo
449,Ronaldo,Champions League,Group Stage,2015-11-25,A,Shakhtar D.,CF,18,Header,Gareth Bale
451,Ronaldo,LaLiga,Group Stage,2015-11-29,A,SD Eibar  ,CF,82,Penalty,
452,Ronaldo,LaLiga,Group Stage,2015-12-05,H,Getafe  ,LW,38,Right-footed shot,Toni Kroos
453,Ronaldo,Champions League,Group Stage,2015-12-08,H,Malmö FF,LW,39,Direct free kick,
457,Ronaldo,LaLiga,Group Stage,2015-12-20,H,Rayo Vallecano  ,LW,30,Penalty,
459,Ronaldo,LaLiga,Group Stage,2015-12-30,H,Real Sociedad  ,LW,42,Penalty,
461,Ronaldo,LaLiga,Group Stage,2016-01-17,H,Sporting Gijón  ,LW,9,Left-footed shot,Karim Benzema
463,Ronaldo,LaLiga,Group Stage,2016-01-31,H,Espanyol  ,LW,12,Penalty,
466,Ronaldo,LaLiga,Group Stage,2016-02-13,H,Athletic  ,LW,3,Right-footed shot,Karim Benzema
468,Ronaldo,Champions League,Round of 16,2016-02-17,A,AS Roma,LW,57,Right-footed shot,Marcelo
469,Ronaldo,LaLiga,Group Stage,2016-02-21,A,Málaga CF  ,LW,33,Header,Toni Kroos
470,Ronaldo,LaLiga,Group Stage,2016-03-02,A,Levante  ,LW,34,Penalty,
471,Ronaldo,LaLiga,Group Stage,2016-03-05,H,Celta de Vigo  ,LW,50,Long distance kick,Sergio Ramos
475,Ronaldo,Champions League,Round of 16,2016-03-08,H,AS Roma,CF,64,Right-footed shot,Lucas Vázquez
476,Ronaldo,LaLiga,Group Stage,2016-03-20,H,Sevilla FC  ,LW,64,Left-footed shot,Danilo
477,Ronaldo,LaLiga,Group Stage,2016-04-02,A,FC Barcelona  ,LW,85,Right-footed shot,Gareth Bale
478,Ronaldo,LaLiga,Group Stage,2016-04-09,H,SD Eibar  ,CF,19,Right-footed shot,Jesé
479,Ronaldo,Champions League,Quarter-Finals,2016-04-12,H,VfL Wolfsburg,LW,16,Right-footed shot,Daniel Carvajal
482,Ronaldo,LaLiga,Group Stage,2016-04-16,A,Getafe  ,LW,92,Right-footed shot,Jesé
483,Ronaldo,LaLiga,Group Stage,2016-05-08,H,Valencia  ,LW,26,Right-footed shot,Marcelo
485,Ronaldo,LaLiga,Group Stage,2016-05-14,A,Dep. La Coruña  ,LW,8,Left-footed shot,Karim Benzema
487,Ronaldo,LaLiga,Group Stage,2016-09-10,H,CA Osasuna  ,LW,6,Right-footed shot,Gareth Bale
488,Ronaldo,Champions League,Group Stage,2016-09-14,H,Sporting CP,LW,89,Direct free kick,
489,Ronaldo,Champions League,Group Stage,2016-09-27,A,Bor. Dortmund,LW,17,Right-footed shot,Gareth Bale
490,Ronaldo,LaLiga,Group Stage,2016-10-15,A,Real Betis  ,LW,78,Right-footed shot,Álvaro Morata
491,Ronaldo,LaLiga,Group Stage,2016-10-29,A,Alavés  ,LW,17,Penalty,
494,Ronaldo,LaLiga,Group Stage,2016-11-19,A,Atlético Madrid  ,CF,23,Direct free kick,
497,Ronaldo,LaLiga,Group Stage,2016-11-26,H,Sporting Gijón  ,LW,5,Penalty,
499,Ronaldo,Club World Cup,Semi-Finals,2016-12-15,A,América,LW,93,Right-footed shot,James Rodríguez
500,Ronaldo,Club World Cup,Final,2016-12-18,H,Kashima Antlers,LW,60,Penalty,
503,Ronaldo,LaLiga,Group Stage,2017-01-07,H,Granada CF  ,LW,27,Header,Marcelo
504,Ronaldo,LaLiga,Group Stage,2017-01-15,A,Sevilla FC  ,CF,67,Penalty,
505,Ronaldo,Copa del Rey,Quarter-Finals,2017-01-25,A,Celta de Vigo,CF,62,Direct free kick,
506,Ronaldo,LaLiga,Group Stage,2017-01-29,H,Real Sociedad  ,LW,51,Right-footed shot,Mateo Kovacic
507,Ronaldo,LaLiga,Group Stage,2017-02-11,A,CA Osasuna  ,CF,24,Right-footed shot,Karim Benzema
508,Ronaldo,LaLiga,Group Stage,2017-02-22,A,Valencia  ,LW,44,Header,Marcelo
509,Ronaldo,LaLiga,Group Stage,2017-02-26,A,Villarreal  ,LW,74,Penalty,
510,Ronaldo,LaLiga,Group Stage,2017-03-01,H,UD Las Palmas  ,LW,86,Penalty,
512,Ronaldo,LaLiga,Group Stage,2017-03-12,H,Real Betis  ,LW,41,Header,Marcelo
513,Ronaldo,Champions League,Quarter-Finals,2017-04-12,A,Bayern Munich ,LW,47,Right-footed shot,Daniel Carvajal
515,Ronaldo,Champions League,Quarter-Finals,2017-04-18,H,Bayern Munich ,CF,76,Header,Casemiro
518,Ronaldo,LaLiga,Group Stage,2017-04-29,H,Valencia  ,LW,27,Header,Daniel Carvajal
519,Ronaldo,Champions League,Semi-Finals,2017-05-02,H,Atlético Madrid,CF,10,Header,Casemiro
522,Ronaldo,LaLiga,Group Stage,2017-05-14,H,Sevilla FC  ,LW,23,Right-footed shot,
524,Ronaldo,LaLiga,Group Stage,2017-05-17,A,Celta de Vigo  ,CF,10,Left-footed shot,
526,Ronaldo,LaLiga,Group Stage,2017-05-21,A,Málaga CF  ,CF,2,Right-footed shot,Isco
527,Ronaldo,Champions League,Final,2017-06-03,A,Juventus,CF,20,Right-footed shot,Daniel Carvajal
529,Ronaldo,Supercopa,Final,2017-08-13,A,FC Barcelona,CF,80,Right-footed shot,Isco
530,Ronaldo,Champions League,Group Stage,2017-09-13,H,APOEL Nicosia,CF,12,Counter attack goal,Gareth Bale
532,Ronaldo,Champions League,Group Stage,2017-09-26,A,Bor. Dortmund,CF,49,Left-footed shot,Gareth Bale
534,Ronaldo,LaLiga,Group Stage,2017-10-14,A,Getafe  ,CF,85,Right-footed shot,Isco
535,Ronaldo,Champions League,Group Stage,2017-10-17,H,Spurs,LW,43,Penalty,
536,Ronaldo,Champions League,Group Stage,2017-11-01,A,Spurs,LW,80,Right-footed shot,Borja Mayoral
537,Ronaldo,Champions League,Group Stage,2017-11-21,A,APOEL Nicosia,LW,49,Header,Marcelo
539,Ronaldo,LaLiga,Group Stage,2017-11-25,H,Málaga CF  ,CF,76,Penalty rebound,
540,Ronaldo,Champions League,Group Stage,2017-12-06,H,Bor. Dortmund,LW,12,Right-footed shot,Mateo Kovacic
541,Ronaldo,LaLiga,Group Stage,2017-12-09,H,Sevilla FC  ,CF,23,Right-footed shot,Marco Asensio
543,Ronaldo,Club World Cup,Semi-Finals,2017-12-13,A,Al-Jazira,LW,53,Right-footed shot,Luka Modric
544,Ronaldo,Club World Cup,Final,2017-12-16,H,Grêmio,LW,53,Direct free kick,
545,Ronaldo,LaLiga,Group Stage,2018-01-21,H,Dep. La Coruña  ,LW,78,Left-footed shot,Casemiro
547,Ronaldo,LaLiga,Group Stage,2018-01-27,A,Valencia  ,LW,16,Penalty,
549,Ronaldo,LaLiga,Group Stage,2018-02-10,H,Real Sociedad  ,CF,27,Right-footed shot,Marcelo
552,Ronaldo,Champions League,Round of 16,2018-02-14,H,Paris SG,LW,45,Penalty,
554,Ronaldo,LaLiga,Group Stage,2018-02-18,A,Real Betis  ,CF,65,Right-footed shot,Casemiro
555,Ronaldo,LaLiga,Group Stage,2018-02-24,H,Alavés  ,CF ,44,Left-footed shot,Karim Benzema
557,Ronaldo,LaLiga,Group Stage,2018-03-03,H,Getafe  ,CF,46,Left-footed shot,Karim Benzema
559,Ronaldo,Champions League,Round of 16,2018-03-06,A,Paris SG,CF,51,Header,Lucas Vázquez
560,Ronaldo,LaLiga,Group Stage,2018-03-10,A,SD Eibar  ,CF,33,Right-footed shot,Luka Modric
562,Ronaldo,LaLiga,Group Stage,2018-03-18,H,Girona  ,CF,11,Left-footed shot,Toni Kroos
566,Ronaldo,Champions League,Quarter-Finals,2018-04-03,A,Juventus,CF,3,Right-footed shot,Isco
568,Ronaldo,LaLiga,Group Stage,2018-04-08,H,Atlético Madrid  ,CF,53,Right-footed shot,Gareth Bale
569,Ronaldo,Champions League,Quarter-Finals,2018-04-11,H,Juventus,CF,97,Penalty,
570,Ronaldo,LaLiga,Group Stage,2018-04-18,H,Athletic  ,CF,87,Right-footed shot,Luka Modric
571,Ronaldo,LaLiga,Group Stage,2018-05-06,A,FC Barcelona  ,LW,14,Right-footed shot,Karim Benzema
572,Ronaldo,LaLiga,Group Stage,2018-05-19,A,Villarreal  ,CF,32,Header,Marcelo
580,Ronaldo,Champions League,Group Stage,2018-11-07,H,Man Utd,CF,65,Right-footed shot,Leonardo Bonucci
594,Ronaldo,Champions League,Round of 16,2019-03-12,H,Atlético Madrid,CF,27,Header,Federico Bernardeschi
597,Ronaldo,Champions League,Quarter-Finals,2019-04-10,A,Ajax,LW,45,Header,João Cancelo
598,Ronaldo,Champions League,Quarter-Finals,2019-04-16,H,Ajax,LW,28,Header,Miralem Pjanic
604,Ronaldo,Champions League,Group Stage,2019-10-01,H,Bay. Leverkusen,CF,89,Right-footed shot,Paulo Dybala
609,Ronaldo,Champions League,Group Stage,2019-12-11,A,Bay. Leverkusen,CF,75,Right-footed shot,Paulo Dybala
636,Ronaldo,Champions League,Round of 16,2020-08-07,H,Olympique Lyon,LW,43,Penalty,
646,Ronaldo,Champions League,Group Stage,2020-11-24,H,Ferencváros,CF,35,Left-footed shot,Juan Cuadrado
647,Ronaldo,Champions League,Group Stage,2020-12-02,H,Dynamo Kyiv,CF,57,Right-footed shot,Álvaro Morata
648,Ronaldo,Champions League,Group Stage,2020-12-08,A,FC Barcelona,CF,13,Penalty,
656,Messi,LaLiga,Group Stage,2005-05-01,H,Albacete  ,CF,91,Left-footed shot,Ronaldinho
657,Messi,Champions League,Group Stage,2005-11-02,H,Panathinaikos,RW,34,Left-footed shot,
658,Messi,LaLiga,Group Stage,2005-11-27,H,Racing  ,RW,51,Left-footed shot,Samuel Eto'o
659,Messi,LaLiga,Group Stage,2006-01-15,H,Athletic  ,RW,50,Left-footed shot,Mark van Bommel
660,Messi,LaLiga,Group Stage,2006-01-22,H,Alavés  ,CF,82,Left-footed shot,Ronaldinho
661,Messi,LaLiga,Group Stage,2006-01-29,A,RCD Mallorca  ,CF,75,Right-footed shot,Sylvinho
663,Messi,Copa del Rey,Quarter-Finals,2006-02-01,H,Real Zaragoza,CF,42,Header,Ludovic Giuly
664,Messi,LaLiga,Group Stage,2006-02-18,H,Real Betis  ,RW,84,Left-footed shot,
665,Messi,LaLiga,Group Stage,2006-08-28,A,Celta de Vigo  ,LW,59,Left-footed shot,Andrés Iniesta
666,Messi,LaLiga,Group Stage,2006-09-09,H,CA Osasuna  ,RW,36,Left-footed shot,Samuel Eto'o
667,Messi,Champions League,Group Stage,2006-09-27,A,Werder Bremen,RW,89,Left-footed shot,Deco
668,Messi,LaLiga,Group Stage,2006-10-15,H,Sevilla FC  ,RW,80,Right-footed shot,Xavi
669,Messi,LaLiga,Group Stage,2007-03-10,H,Real Madrid  ,RW,11,Left-footed shot,Samuel Eto'o
672,Messi,LaLiga,Group Stage,2007-03-17,A,Recr. Huelva  ,RW,86,Left-footed shot,
673,Messi,LaLiga,Group Stage,2007-03-31,H,Dep. La Coruña  ,RW,45,Left-footed shot,Ronaldinho
674,Messi,Copa del Rey,Semi-Finals,2007-04-18,H,Getafe,RW,29,Solo run,Xavi
676,Messi,LaLiga,Group Stage,2007-05-20,A,Atlético Madrid  ,RW,39,Left-footed shot,Samuel Eto'o
678,Messi,LaLiga,Group Stage,2007-06-09,H,Espanyol  ,RW,43,,Gianluca Zambrotta
680,Messi,LaLiga,Group Stage,2007-06-17,A,Gimnàstic  ,RW,34,Left-footed shot,Deco
682,Messi,Champions League,Group Stage,2007-09-19,H,Olympique Lyon,RW,82,Left-footed shot,Andrés Iniesta
683,Messi,LaLiga,Group Stage,2007-09-22,H,Sevilla FC  ,RW,72,Left-footed shot,Thierry Henry
685,Messi,LaLiga,Group Stage,2007-09-26,H,Real Zaragoza  ,RW,5,Left-footed shot,Thierry Henry
687,Messi,LaLiga,Group Stage,2007-09-29,A,Levante  ,RW,50,Left-footed shot,Deco
688,Messi,Champions League,Group Stage,2007-10-02,A,VfB Stuttgart,RW,66,Deflected shot on goal,Thierry Henry
689,Messi,LaLiga,Group Stage,2007-10-07,H,Atlético Madrid  ,RW,19,Left-footed shot,Ronaldinho
690,Messi,LaLiga,Group Stage,2007-10-28,H,UD Almería  ,RW,80,Penalty,
691,Messi,Champions League,Group Stage,2007-11-07,H,Rangers,RW,41,Left-footed shot,Ronaldinho
692,Messi,LaLiga,Group Stage,2007-11-24,H,Recr. Huelva  ,RW,81,Penalty,
693,Messi,Champions League,Group Stage,2007-11-27,A,Olympique Lyon,RW,58,Penalty,
694,Messi,Champions League,Round of 16,2008-02-20,A,Celtic,RW,18,Left-footed shot,Deco
696,Messi,LaLiga,Group Stage,2008-02-24,H,Levante  ,RW,44,Left-footed shot,Xavi
697,Messi,LaLiga,Group Stage,2008-05-04,H,Valencia  ,RW,5,Penalty,
698,Messi,LaLiga,Group Stage,2008-09-13,H,Racing  ,RW,70,Penalty,
699,Messi,LaLiga,Group Stage,2008-09-21,A,Sporting Gijón  ,RW,85,Left-footed shot,Andrés Iniesta
701,Messi,LaLiga,Group Stage,2008-09-27,A,Espanyol  ,RW,90,Penalty,
702,Messi,Champions League,Group Stage,2008-10-01,A,Shakhtar D.,RW,87,Right-footed shot,Bojan Krkic
704,Messi,LaLiga,Group Stage,2008-10-04,H,Atlético Madrid  ,RW,8,Direct free kick,
705,Messi,Champions League,Group Stage,2008-10-22,A,FC Basel,CF,4,Left-footed shot,Dani Alves
706,Messi,LaLiga,Group Stage,2008-11-01,A,Málaga CF  ,RW,19,Left-footed shot,
707,Messi,Champions League,Group Stage,2008-11-04,H,FC Basel,RW,61,Left-footed shot,Thierry Henry
708,Messi,Copa del Rey,Group Stage,2008-11-12,H,Benidorm CF,RW,86,Penalty rebound,
709,Messi,LaLiga,Group Stage,2008-11-16,A,Recr. Huelva  ,RW,51,Left-footed shot,Xavi
710,Messi,Champions League,Group Stage,2008-11-26,A,Sporting CP,RW,49,Left-footed shot,Dani Alves
711,Messi,LaLiga,Group Stage,2008-11-29,A,Sevilla FC  ,RW,78,Left-footed shot,Xavi
713,Messi,LaLiga,Group Stage,2008-12-13,H,Real Madrid  ,RW,89,Left-footed shot,Thierry Henry
714,Messi,Copa del Rey,Round of 16,2009-01-06,A,Atlético Madrid,RW,11,Left-footed shot,Dani Alves
717,Messi,LaLiga,Group Stage,2009-01-11,A,CA Osasuna  ,RW,84,Left-footed shot,Dani Alves
718,Messi,LaLiga,Group Stage,2009-01-17,H,Dep. La Coruña  ,RW,21,Left-footed shot,
719,Messi,LaLiga,Group Stage,2009-01-24,H,CD Numancia  ,RW,49,Left-footed shot,Dani Alves
721,Messi,LaLiga,Group Stage,2009-02-01,A,Racing  ,RW,65,Right-footed shot,Xavi
723,Messi,LaLiga,Group Stage,2009-03-01,A,Atlético Madrid  ,RW,30,Left-footed shot,
724,Messi,Copa del Rey,Semi-Finals,2009-03-04,A,RCD Mallorca,RW,81,Left-footed shot,Gerard Piqué
725,Messi,LaLiga,Group Stage,2009-03-07,H,Athletic  ,RW,31,Penalty,
726,Messi,Champions League,Round of 16,2009-03-11,H,Olympique Lyon,RW,40,Left-footed shot,Samuel Eto'o
727,Messi,LaLiga,Group Stage,2009-03-22,H,Málaga CF  ,RW,26,Right-footed shot,Xavi
728,Messi,Champions League,Quarter-Finals,2009-04-08,H,Bayern Munich ,RW,9,Left-footed shot,Samuel Eto'o
730,Messi,LaLiga,Group Stage,2009-04-18,A,Getafe  ,RW,18,Left-footed shot,Xavi
731,Messi,LaLiga,Group Stage,2009-04-25,A,Valencia  ,RW,23,Left-footed shot,Andrés Iniesta
732,Messi,LaLiga,Group Stage,2009-05-02,A,Real Madrid  ,CF,35,Left-footed shot,Xavi
734,Messi,Copa del Rey,Final,2009-05-13,H,Athletic,RW,55,Left-footed shot,Samuel Eto'o
735,Messi,Champions League,Final,2009-05-27,H,Man Utd,CF,70,Header,Xavi
736,Messi,Supercopa,Final,2009-08-23,H,Athletic,RW,50,Right-footed shot,Zlatan Ibrahimovic
738,Messi,LaLiga,Group Stage,2009-09-12,A,Getafe  ,RW,78,Header,Zlatan Ibrahimovic
739,Messi,LaLiga,Group Stage,2009-09-19,H,Atlético Madrid  ,RW,15,Left-footed shot,Xavi
741,Messi,LaLiga,Group Stage,2009-09-22,A,Racing  ,RW,23,Left-footed shot,Xavi
743,Messi,Champions League,Group Stage,2009-09-29,H,Dynamo Kyiv,RW,25,Left-footed shot,Andrés Iniesta
744,Messi,LaLiga,Group Stage,2009-10-25,H,Real Zaragoza  ,RW,80,Left-footed shot,Andrés Iniesta
745,Messi,LaLiga,Group Stage,2009-11-07,H,RCD Mallorca  ,RW,86,Penalty,
746,Messi,Copa del Rey,Group Stage,2009-11-10,H,CyD Leonesa,RW,64,Left-footed shot,Pedro
747,Messi,LaLiga,Group Stage,2009-12-05,A,Dep. La Coruña  ,RW,26,Left-footed shot,Dani Alves
749,Messi,Champions League,Group Stage,2009-12-09,A,Dynamo Kyiv,RW,86,Direct free kick,
750,Messi,Club World Cup,Semi-Finals,2009-12-16,A,Atlante,RW,55,Left-footed shot,Zlatan Ibrahimovic
751,Messi,Club World Cup,Final,2009-12-19,A,Estudiantes,RW,110,Chest,Dani Alves
752,Messi,LaLiga,Group Stage,2010-01-10,A,CD Tenerife  ,RW,36,Left-footed shot,Bojan Krkic
755,Messi,LaLiga,Group Stage,2010-01-16,H,Sevilla FC  ,RW,85,Left-footed shot,Dani Alves
757,Messi,LaLiga,Group Stage,2010-01-23,A,Real Valladolid  ,RW,54,Left-footed shot,Zlatan Ibrahimovic
758,Messi,LaLiga,Group Stage,2010-02-06,H,Getafe  ,RW,7,Left-footed shot,Yaya Touré
759,Messi,LaLiga,Group Stage,2010-02-27,H,Málaga CF  ,RW,84,Right-footed shot,Dani Alves
760,Messi,LaLiga,Group Stage,2010-03-06,A,UD Almería  ,RW,42,Direct free kick,
762,Messi,LaLiga,Group Stage,2010-03-14,H,Valencia  ,CF,56,Left-footed shot,Xavi
765,Messi,Champions League,Round of 16,2010-03-17,H,VfB Stuttgart,RW,13,Left-footed shot,Yaya Touré
767,Messi,LaLiga,Group Stage,2010-03-21,A,Real Zaragoza  ,RW,4,Header,Pedro
770,Messi,LaLiga,Group Stage,2010-04-03,H,Athletic  ,CF,67,Left-footed shot,Pedro
771,Messi,Champions League,Quarter-Finals,2010-04-06,H,Arsenal,RW,21,Left-footed shot,
775,Messi,LaLiga,Group Stage,2010-04-10,A,Real Madrid  ,CF,32,Right-footed shot,Xavi
776,Messi,LaLiga,Group Stage,2010-05-01,A,Villarreal  ,RW,18,Left-footed shot,Xavi
778,Messi,LaLiga,Group Stage,2010-05-04,H,CD Tenerife  ,RW,16,Right-footed shot,
780,Messi,LaLiga,Group Stage,2010-05-08,A,Sevilla FC  ,RW,5,Left-footed shot,Maxwell
781,Messi,LaLiga,Group Stage,2010-05-16,H,Real Valladolid  ,RW,61,Right-footed shot,Yaya Touré
783,Messi,Supercopa,Final,2010-08-21,H,Sevilla FC,RW,25,Left-footed shot,Xavi
786,Messi,LaLiga,Group Stage,2010-08-29,A,Racing  ,RW,3,Left-footed shot,Andrés Iniesta
787,Messi,Champions League,Group Stage,2010-09-14,H,Panathinaikos,CF,22,Left-footed shot,Xavi
789,Messi,LaLiga,Group Stage,2010-09-19,A,Atlético Madrid  ,CF,12,Left-footed shot,Pedro
790,Messi,LaLiga,Group Stage,2010-10-03,H,RCD Mallorca  ,CF,20,Left-footed shot,Pedro
791,Messi,Champions League,Group Stage,2010-10-20,H,FC Copenhagen,CF,18,Left-footed shot,Andrés Iniesta
793,Messi,LaLiga,Group Stage,2010-10-23,A,Real Zaragoza  ,CF,41,Left-footed shot,David Villa
795,Messi,LaLiga,Group Stage,2010-10-30,H,Sevilla FC  ,RW,4,Left-footed shot,
797,Messi,Champions League,Group Stage,2010-11-02,A,FC Copenhagen,CF,31,Right-footed shot,
798,Messi,LaLiga,Group Stage,2010-11-07,A,Getafe  ,CF,23,Left-footed shot,
799,Messi,Copa del Rey,Group Stage,2010-11-10,H,AD Ceuta ,RW,67,Left-footed shot,Thiago
800,Messi,LaLiga,Group Stage,2010-11-13,H,Villarreal  ,CF,58,Right-footed shot,Pedro
802,Messi,LaLiga,Group Stage,2010-11-20,A,UD Almería  ,CF,16,Left-footed shot,David Villa
805,Messi,Champions League,Group Stage,2010-11-24,A,Panathinaikos,CF,63,Left-footed shot,Adriano
806,Messi,LaLiga,Group Stage,2010-12-04,A,CA Osasuna  ,CF,64,Left-footed shot,David Villa
808,Messi,LaLiga,Group Stage,2010-12-12,H,Real Sociedad  ,CF,46,Left-footed shot,Dani Alves
810,Messi,LaLiga,Group Stage,2011-01-08,A,Dep. La Coruña  ,CF,51,Direct free kick,
811,Messi,Copa del Rey,Quarter-Finals,2011-01-12,H,Real Betis,CF,44,Left-footed shot,Andrés Iniesta
814,Messi,Copa del Rey,Quarter-Finals,2011-01-19,A,Real Betis,RW,37,Left-footed shot,Xavi
815,Messi,LaLiga,Group Stage,2011-01-22,H,Racing  ,CF,33,Penalty,
816,Messi,Copa del Rey,Semi-Finals,2011-01-26,H,UD Almería,CF,9,Left-footed shot,Pedro
818,Messi,LaLiga,Group Stage,2011-01-29,A,Hércules CF  ,CF,87,Left-footed shot,Dani Alves
820,Messi,LaLiga,Group Stage,2011-02-05,H,Atlético Madrid  ,CF,16,Left-footed shot,Dani Alves
823,Messi,LaLiga,Group Stage,2011-02-20,H,Athletic  ,CF,78,Right-footed shot,Dani Alves
824,Messi,LaLiga,Group Stage,2011-02-26,A,RCD Mallorca  ,CF,38,Header,Seydou Keita
825,Messi,LaLiga,Group Stage,2011-03-02,A,Valencia  ,CF,77,Left-footed shot,Adriano
826,Messi,Champions League,Round of 16,2011-03-08,H,Arsenal,RW,49,Left-footed shot,Andrés Iniesta
828,Messi,LaLiga,Group Stage,2011-04-09,H,UD Almería  ,CF,52,Penalty,
830,Messi,Champions League,Quarter-Finals,2011-04-12,A,Shakhtar D.,CF,42,Left-footed shot,Dani Alves
831,Messi,LaLiga,Group Stage,2011-04-16,A,Real Madrid  ,CF,53,Penalty,
832,Messi,LaLiga,Group Stage,2011-04-23,H,CA Osasuna  ,CF,87,Right-footed shot,Dani Alves
833,Messi,Champions League,Semi-Finals,2011-04-27,A,Real Madrid,CF,76,Left-footed shot,Ibrahim Afellay
835,Messi,Champions League,Final,2011-05-28,H,Man Utd,CF,54,Left-footed shot,Andrés Iniesta
836,Messi,Supercopa,Final,2011-08-14,A,Real Madrid,CF,45,Left-footed shot,Thiago
837,Messi,Supercopa,Final,2011-08-17,H,Real Madrid,CF,44,Right-footed shot,Gerard Piqué
839,Messi,UEFA Super Cup,Final,2011-08-26,H,FC Porto,CF,39,Left-footed shot,
840,Messi,LaLiga,Group Stage,2011-08-29,H,Villarreal  ,CF,51,Right-footed shot,Andrés Iniesta
842,Messi,LaLiga,Group Stage,2011-09-17,H,CA Osasuna  ,CF,5,Left-footed shot,Dani Alves
845,Messi,LaLiga,Group Stage,2011-09-24,H,Atlético Madrid  ,CF,26,Left-footed shot,Pedro
848,Messi,Champions League,Group Stage,2011-09-28,A,BATE Borisov,CF,38,Header,
850,Messi,LaLiga,Group Stage,2011-10-15,H,Racing  ,CF,11,Right-footed shot,Andrés Iniesta
852,Messi,LaLiga,Group Stage,2011-10-29,H,RCD Mallorca  ,CF,13,Penalty,
855,Messi,Champions League,Group Stage,2011-11-01,A,Viktoria Plzen,CF,24,Penalty,
858,Messi,LaLiga,Group Stage,2011-11-06,A,Athletic  ,CF,90,Left-footed shot,
859,Messi,LaLiga,Group Stage,2011-11-19,H,Real Zaragoza  ,CF,43,Right-footed shot,Cesc Fàbregas
860,Messi,Champions League,Group Stage,2011-11-23,A,AC Milan,RW,31,Penalty,
861,Messi,LaLiga,Group Stage,2011-11-29,H,Rayo Vallecano  ,CF,49,Left-footed shot,Dani Alves
862,Messi,LaLiga,Group Stage,2011-12-03,H,Levante  ,CF,55,Left-footed shot,Dani Alves
863,Messi,Club World Cup,Final,2011-12-18,A,Santos FC,RW,17,Left-footed shot,Xavi
865,Messi,Copa del Rey,Round of 16,2012-01-04,H,CA Osasuna,CF,71,Header,Cesc Fàbregas
867,Messi,LaLiga,Group Stage,2012-01-15,H,Real Betis  ,CF,12,Right-footed shot,Alexis Sánchez
869,Messi,LaLiga,Group Stage,2012-01-22,A,Málaga CF  ,CF,32,Header,Adriano
872,Messi,LaLiga,Group Stage,2012-02-04,H,Real Sociedad  ,CF,72,Left-footed shot,Dani Alves
873,Messi,Champions League,Round of 16,2012-02-14,A,Bay. Leverkusen,CF,88,Left-footed shot,Dani Alves
874,Messi,LaLiga,Group Stage,2012-02-19,H,Valencia  ,CF,21,Left-footed shot,
878,Messi,LaLiga,Group Stage,2012-02-26,A,Atlético Madrid  ,CF,79,Direct free kick,
879,Messi,Champions League,Round of 16,2012-03-07,H,Bay. Leverkusen,CF,25,Left-footed shot,Xavi
884,Messi,LaLiga,Group Stage,2012-03-11,A,Racing  ,CF,28,Left-footed shot,Cesc Fàbregas
886,Messi,LaLiga,Group Stage,2012-03-17,A,Sevilla FC  ,CF,25,Left-footed shot,Andrés Iniesta
887,Messi,LaLiga,Group Stage,2012-03-20,H,Granada CF  ,CF,16,Left-footed shot,Isaac Cuenca
890,Messi,LaLiga,Group Stage,2012-03-24,A,RCD Mallorca  ,CF,25,Direct free kick,
891,Messi,LaLiga,Group Stage,2012-03-31,H,Athletic  ,CF,57,Penalty,
892,Messi,Champions League,Quarter-Finals,2012-04-03,H,AC Milan,RW,11,Penalty,
894,Messi,LaLiga,Group Stage,2012-04-07,A,Real Zaragoza  ,CF,39,Left-footed shot,Alexis Sánchez
896,Messi,LaLiga,Group Stage,2012-04-10,H,Getafe  ,CF,44,Left-footed shot,Andrés Iniesta
897,Messi,LaLiga,Group Stage,2012-04-14,A,Levante  ,CF,64,Left-footed shot,Alexis Sánchez
899,Messi,LaLiga,Group Stage,2012-04-29,A,Rayo Vallecano  ,CF,16,Left-footed shot,Pedro
901,Messi,LaLiga,Group Stage,2012-05-02,H,Málaga CF  ,CF,34,Penalty,
904,Messi,LaLiga,Group Stage,2012-05-05,H,Espanyol  ,CF,11,Direct free kick,
908,Messi,Copa del Rey,Final,2012-05-25,H,Athletic,CF,20,Right-footed shot,Andrés Iniesta
909,Messi,LaLiga,Group Stage,2012-08-19,H,Real Sociedad  ,CF,10,Left-footed shot,Pedro
911,Messi,Supercopa,Final,2012-08-23,H,Real Madrid,CF,60,Penalty,
912,Messi,LaLiga,Group Stage,2012-08-26,A,CA Osasuna  ,CF,74,Left-footed shot,Alexis Sánchez
914,Messi,Supercopa,Final,2012-08-29,A,Real Madrid,CF,45,Direct free kick,
915,Messi,LaLiga,Group Stage,2012-09-15,A,Getafe  ,CF,74,Penalty,
917,Messi,Champions League,Group Stage,2012-09-19,H,Spartak Moscow,CF,71,Left-footed shot,Cristian Tello
919,Messi,LaLiga,Group Stage,2012-10-07,H,Real Madrid  ,CF,31,Left-footed shot,
921,Messi,LaLiga,Group Stage,2012-10-20,A,Dep. La Coruña  ,CF,17,Left-footed shot,Cesc Fàbregas
924,Messi,LaLiga,Group Stage,2012-10-27,A,Rayo Vallecano  ,CF,48,Left-footed shot,Martín Montoya
926,Messi,Champions League,Group Stage,2012-11-07,A,Celtic,CF,91,Tap-in,
927,Messi,LaLiga,Group Stage,2012-11-11,A,RCD Mallorca  ,CF,43,Left-footed shot,Sergio Busquets
929,Messi,LaLiga,Group Stage,2012-11-17,H,Real Zaragoza  ,CF,15,Left-footed shot,Jordi Alba
931,Messi,Champions League,Group Stage,2012-11-20,A,Spartak Moscow,CF,27,Right-footed shot,
933,Messi,LaLiga,Group Stage,2012-11-25,A,Levante  ,CF,46,Left-footed shot,Andrés Iniesta
935,Messi,LaLiga,Group Stage,2012-12-01,H,Athletic  ,CF,24,Left-footed shot,Xavi
937,Messi,LaLiga,Group Stage,2012-12-09,A,Real Betis  ,CF,16,Left-footed shot,Andrés Iniesta
939,Messi,Copa del Rey,Round of 16,2012-12-12,A,Córdoba CF,CF,10,Left-footed shot,David Villa
941,Messi,LaLiga,Group Stage,2012-12-16,H,Atlético Madrid  ,CF,58,Left-footed shot,Alexis Sánchez
943,Messi,LaLiga,Group Stage,2012-12-22,A,Real Valladolid  ,CF,59,Left-footed shot,Xavi
944,Messi,LaLiga,Group Stage,2013-01-06,H,Espanyol  ,CF,28,Penalty,
945,Messi,LaLiga,Group Stage,2013-01-13,A,Málaga CF  ,CF,26,Right-footed shot,
946,Messi,Copa del Rey,Quarter-Finals,2013-01-16,H,Málaga CF,CF,29,Left-footed shot,
947,Messi,LaLiga,Group Stage,2013-01-19,A,Real Sociedad  ,CF,6,Left-footed shot,Andrés Iniesta
948,Messi,Copa del Rey,Quarter-Finals,2013-01-24,A,Málaga CF,CF,79,Header,Dani Alves
949,Messi,LaLiga,Group Stage,2013-01-27,H,CA Osasuna  ,CF,11,Right-footed shot,Xavi
953,Messi,LaLiga,Group Stage,2013-02-03,A,Valencia  ,CF,39,Penalty,
954,Messi,LaLiga,Group Stage,2013-02-10,H,Getafe  ,CF,13,Left-footed shot,Thiago
955,Messi,LaLiga,Group Stage,2013-02-16,A,Granada CF  ,CF,49,Left-footed shot,
957,Messi,LaLiga,Group Stage,2013-02-23,H,Sevilla FC  ,CF,60,Left-footed shot,Cristian Tello
958,Messi,LaLiga,Group Stage,2013-03-02,A,Real Madrid  ,CF,18,Left-footed shot,Dani Alves
959,Messi,LaLiga,Group Stage,2013-03-09,H,Dep. La Coruña  ,CF,88,Left-footed shot,Alexis Sánchez
960,Messi,Champions League,Round of 16,2013-03-12,H,AC Milan,CF,5,Left-footed shot,Xavi
962,Messi,LaLiga,Group Stage,2013-03-17,H,Rayo Vallecano  ,CF,40,Left-footed shot,David Villa
964,Messi,LaLiga,Group Stage,2013-03-30,A,Celta de Vigo  ,CF ,73,Left-footed shot,Cristian Tello
965,Messi,Champions League,Quarter-Finals,2013-04-02,A,Paris SG,CF,38,Left-footed shot,Dani Alves
966,Messi,LaLiga,Group Stage,2013-04-27,A,Athletic  ,CF,67,Left-footed shot,Thiago
967,Messi,LaLiga,Group Stage,2013-05-05,H,Real Betis  ,CF,60,Direct free kick,
969,Messi,LaLiga,Group Stage,2013-08-18,H,Levante  ,CF,13,Left-footed shot,Pedro
971,Messi,LaLiga,Group Stage,2013-09-01,A,Valencia  ,CF,11,Left-footed shot,Cesc Fàbregas
974,Messi,LaLiga,Group Stage,2013-09-14,H,Sevilla FC  ,CF,75,Left-footed shot,Neymar
975,Messi,Champions League,Group Stage,2013-09-18,H,Ajax,CF,22,Direct free kick,
978,Messi,LaLiga,Group Stage,2013-09-24,H,Real Sociedad  ,CF,8,Header,Neymar
979,Messi,LaLiga,Group Stage,2013-09-28,A,UD Almería  ,CF,21,Left-footed shot,Pedro
980,Messi,Champions League,Group Stage,2013-10-22,A,AC Milan,CF,23,Left-footed shot,Andrés Iniesta
981,Messi,Champions League,Group Stage,2013-11-06,H,AC Milan,CF,30,Penalty,
983,Messi,Copa del Rey,Round of 16,2014-01-08,H,Getafe,CF,90,Left-footed shot,Martín Montoya
985,Messi,Copa del Rey,Round of 16,2014-01-16,A,Getafe,CF,43,Right-footed shot,Cristian Tello
987,Messi,LaLiga,Group Stage,2014-02-01,H,Valencia  ,CF,54,Penalty,
988,Messi,LaLiga,Group Stage,2014-02-09,A,Sevilla FC  ,CF,44,Left-footed shot,Pedro
990,Messi,Copa del Rey,Semi-Finals,2014-02-12,A,Real Sociedad,CF,26,Solo run,
991,Messi,LaLiga,Group Stage,2014-02-15,H,Rayo Vallecano  ,CF,36,Left-footed shot,Cesc Fàbregas
993,Messi,Champions League,Round of 16,2014-02-18,A,Man City,CF,54,Penalty,
994,Messi,LaLiga,Group Stage,2014-02-22,A,Real Sociedad  ,CF,36,Left-footed shot,Martín Montoya
995,Messi,LaLiga,Group Stage,2014-03-02,H,UD Almería  ,CF,24,Direct free kick,
996,Messi,Champions League,Round of 16,2014-03-12,H,Man City,CF,67,Left-footed shot,
997,Messi,LaLiga,Group Stage,2014-03-16,H,CA Osasuna  ,CF,18,Left-footed shot,Alexis Sánchez
1000,Messi,LaLiga,Group Stage,2014-03-23,A,Real Madrid  ,CF,42,Left-footed shot,Neymar
1003,Messi,LaLiga,Group Stage,2014-03-26,H,Celta de Vigo  ,CF,30,Right-footed shot,Andrés Iniesta
1004,Messi,LaLiga,Group Stage,2014-03-29,A,Espanyol  ,CF,77,Penalty,
1005,Messi,LaLiga,Group Stage,2014-04-05,H,Real Betis  ,CF,15,Penalty,
1007,Messi,LaLiga,Group Stage,2014-04-20,H,Athletic  ,CF,74,Direct free kick,
1008,Messi,LaLiga,Group Stage,2014-04-27,A,Villarreal  ,CF,83,Right-footed shot,Cesc Fàbregas
1009,Messi,LaLiga,Group Stage,2014-05-03,H,Getafe  ,CF,23,Left-footed shot,Dani Alves
1010,Messi,LaLiga,Group Stage,2014-08-24,H,Elche CF  ,CF,42,Left-footed shot,Sergio Busquets
1012,Messi,LaLiga,Group Stage,2014-09-21,A,Levante  ,CF,77,Right-footed shot,
1013,Messi,LaLiga,Group Stage,2014-09-27,H,Granada CF  ,CF,62,Header,Dani Alves
1015,Messi,Champions League,Group Stage,2014-09-30,A,Paris SG,RW,12,Left-footed shot,Andrés Iniesta
1016,Messi,LaLiga,Group Stage,2014-10-04,A,Rayo Vallecano  ,CF,35,Left-footed shot,Gerard Piqué
1017,Messi,LaLiga,Group Stage,2014-10-18,H,SD Eibar  ,CF,74,Left-footed shot,Neymar
1018,Messi,Champions League,Group Stage,2014-10-21,H,Ajax,CF,24,Left-footed shot,Andrés Iniesta
1019,Messi,Champions League,Group Stage,2014-11-05,A,Ajax,RW,36,Header,Marc Bartra
1021,Messi,LaLiga,Group Stage,2014-11-22,H,Sevilla FC  ,RW,21,Direct free kick,
1024,Messi,Champions League,Group Stage,2014-11-25,A,APOEL Nicosia,CF ,38,Right-footed shot,Rafinha
1027,Messi,LaLiga,Group Stage,2014-12-07,H,Espanyol  ,RW,46,Left-footed shot,Xavi
1030,Messi,Champions League,Group Stage,2014-12-10,H,Paris SG,AM,19,Right-footed shot,Luis Suárez
1031,Messi,LaLiga,Group Stage,2014-12-20,H,Córdoba CF  ,RW,82,Right-footed shot,
1033,Messi,Copa del Rey,Round of 16,2015-01-08,H,Elche CF,RW ,45,Penalty,
1034,Messi,LaLiga,Group Stage,2015-01-11,H,Atlético Madrid  ,RW,87,Left-footed shot,
1035,Messi,LaLiga,Group Stage,2015-01-18,A,Dep. La Coruña  ,RW,11,Header,Ivan Rakitic
1038,Messi,Copa del Rey,Quarter-Finals,2015-01-21,H,Atlético Madrid,RW ,85,Penalty rebound,
1039,Messi,LaLiga,Group Stage,2015-01-24,A,Elche CF  ,CF,55,Penalty,
1041,Messi,LaLiga,Group Stage,2015-02-01,H,Villarreal  ,RW,55,Right-footed shot,Luis Suárez
1042,Messi,LaLiga,Group Stage,2015-02-08,A,Athletic  ,RW,15,Direct free kick,
1043,Messi,Copa del Rey,Semi-Finals,2015-02-11,H,Villarreal,RW,41,Left-footed shot,Luis Suárez
1044,Messi,LaLiga,Group Stage,2015-02-15,H,Levante  ,CF,38,Right-footed shot,Marc Bartra
1047,Messi,LaLiga,Group Stage,2015-02-28,A,Granada CF  ,RW,70,Right-footed shot,Luis Suárez
1048,Messi,LaLiga,Group Stage,2015-03-08,H,Rayo Vallecano  ,RW,56,Penalty,
1051,Messi,LaLiga,Group Stage,2015-03-14,A,SD Eibar  ,RW ,31,Penalty,
1053,Messi,LaLiga,Group Stage,2015-04-08,H,UD Almería  ,RW,33,Left-footed shot,Marc Bartra
1054,Messi,LaLiga,Group Stage,2015-04-11,A,Sevilla FC  ,RW,15,Left-footed shot,Neymar
1055,Messi,LaLiga,Group Stage,2015-04-18,H,Valencia  ,RW,94,Left-footed shot,
1056,Messi,LaLiga,Group Stage,2015-04-25,A,Espanyol  ,RW,25,Left-footed shot,Luis Suárez
1057,Messi,LaLiga,Group Stage,2015-04-28,H,Getafe  ,RW,9,Penalty,
1059,Messi,LaLiga,Group Stage,2015-05-02,A,Córdoba CF  ,RW,47,Header,Dani Alves
1061,Messi,Champions League,Semi-Finals,2015-05-06,H,Bayern Munich ,RW,77,Left-footed shot,Dani Alves
1063,Messi,LaLiga,Group Stage,2015-05-17,A,Atlético Madrid  ,RW,65,Left-footed shot,Pedro
1064,Messi,LaLiga,Group Stage,2015-05-23,H,Dep. La Coruña  ,RW,5,Header,Rafinha
1066,Messi,Copa del Rey,Final,2015-05-30,A,Athletic,RW,20,Solo run,
1068,Messi,UEFA Super Cup,Final,2015-08-11,H,Sevilla FC,RW,7,Direct free kick,
1070,Messi,Supercopa,Final,2015-08-17,H,Athletic,RW,43,Left-footed shot,Luis Suárez
1071,Messi,LaLiga,Group Stage,2015-09-12,A,Atlético Madrid  ,RW,77,Left-footed shot,Luis Suárez
1072,Messi,LaLiga,Group Stage,2015-09-20,H,Levante  ,AM ,61,Penalty,
1074,Messi,Champions League,Group Stage,2015-11-24,H,AS Roma,RW ,18,Left-footed shot,Luis Suárez
1076,Messi,LaLiga,Group Stage,2015-11-28,H,Real Sociedad  ,RW,91,Left-footed shot,Neymar
1077,Messi,Champions League,Group Stage,2015-12-09,A,Bay. Leverkusen,CF ,20,Right-footed shot,Ivan Rakitic
1078,Messi,LaLiga,Group Stage,2015-12-12,H,Dep. La Coruña  ,RW,39,Direct free kick,
1079,Messi,Club World Cup,Final,2015-12-20,A,River Plate,RW,36,Left-footed shot,Neymar
1080,Messi,LaLiga,Group Stage,2015-12-30,H,Real Betis  ,RW ,33,Right-footed shot,Neymar
1081,Messi,Copa del Rey,Round of 16,2016-01-06,H,Espanyol,RW,13,Left-footed shot,Andrés Iniesta
1083,Messi,LaLiga,Group Stage,2016-01-09,H,Granada CF  ,RW ,8,Left-footed shot,Arda Turan
1086,Messi,LaLiga,Group Stage,2016-01-17,H,Athletic  ,RW,7,Penalty,
1087,Messi,LaLiga,Group Stage,2016-01-23,A,Málaga CF  ,RW,51,Left-footed shot,Adriano
1088,Messi,LaLiga,Group Stage,2016-01-30,H,Atlético Madrid  ,RW,30,Left-footed shot,Jordi Alba
1089,Messi,Copa del Rey,Semi-Finals,2016-02-03,H,Valencia,RW,29,Left-footed shot,Neymar
1092,Messi,LaLiga,Group Stage,2016-02-14,H,Celta de Vigo  ,RW,28,Direct free kick,
1093,Messi,LaLiga,Group Stage,2016-02-17,A,Sporting Gijón  ,RW ,25,Left-footed shot,Luis Suárez
1095,Messi,Champions League,Round of 16,2016-02-23,A,Arsenal,RW,71,Left-footed shot,Neymar
1097,Messi,LaLiga,Group Stage,2016-02-28,H,Sevilla FC  ,RW ,31,Direct free kick,
1098,Messi,LaLiga,Group Stage,2016-03-03,A,Rayo Vallecano  ,RW,23,Left-footed shot,Neymar
1101,Messi,LaLiga,Group Stage,2016-03-06,A,SD Eibar  ,RW ,42,Left-footed shot,Munir El Haddadi
1103,Messi,LaLiga,Group Stage,2016-03-12,H,Getafe  ,CF,41,Left-footed shot,Arda Turan
1104,Messi,Champions League,Round of 16,2016-03-16,H,Arsenal,RW,86,Left-footed shot,Neymar
1105,Messi,LaLiga,Group Stage,2016-04-17,H,Valencia  ,RW,63,Left-footed shot,Jordi Alba
1106,Messi,LaLiga,Group Stage,2016-04-20,A,Dep. La Coruña  ,RW,73,Left-footed shot,Luis Suárez
1107,Messi,LaLiga,Group Stage,2016-04-23,H,Sporting Gijón  ,RW,13,Header,
1108,Messi,LaLiga,Group Stage,2016-05-08,H,Espanyol  ,RW,8,Direct free kick,
1109,Messi,Supercopa,Final,2016-08-17,H,Sevilla FC,RW ,55,Header,Lucas Digne
1110,Messi,LaLiga,Group Stage,2016-08-20,H,Real Betis  ,RW ,37,Left-footed shot,Sergi Roberto
1112,Messi,Champions League,Group Stage,2016-09-13,H,Celtic,RW ,3,Left-footed shot,Neymar
1115,Messi,LaLiga,Group Stage,2016-09-17,A,CD Leganés  ,RW,15,Left-footed shot,Luis Suárez
1117,Messi,LaLiga,Group Stage,2016-10-15,H,Dep. La Coruña  ,RW,58,Left-footed shot,Neymar
1118,Messi,Champions League,Group Stage,2016-10-19,H,Man City,RW,17,Left-footed shot,Andrés Iniesta
1121,Messi,LaLiga,Group Stage,2016-10-22,A,Valencia  ,RW,22,Left-footed shot,Ivan Rakitic
1123,Messi,Champions League,Group Stage,2016-11-01,A,Man City,RW ,21,Left-footed shot,Neymar
1124,Messi,LaLiga,Group Stage,2016-11-06,A,Sevilla FC  ,RW ,43,Left-footed shot,Neymar
1125,Messi,Champions League,Group Stage,2016-11-23,A,Celtic,RW ,24,Left-footed shot,Neymar
1127,Messi,LaLiga,Group Stage,2016-11-27,A,Real Sociedad  ,RW ,59,Left-footed shot,Neymar
1128,Messi,Champions League,Group Stage,2016-12-06,H,Bor. M'gladbach,RW,16,Left-footed shot,Arda Turan
1129,Messi,LaLiga,Group Stage,2016-12-10,A,CA Osasuna  ,RW,72,Left-footed shot,Jordi Alba
1131,Messi,LaLiga,Group Stage,2016-12-18,H,Espanyol  ,RW,90,Left-footed shot,Luis Suárez
1132,Messi,Copa del Rey,Round of 16,2017-01-05,A,Athletic,RW,52,Direct free kick,
1133,Messi,LaLiga,Group Stage,2017-01-08,A,Villarreal  ,RW,90,Direct free kick,
1134,Messi,Copa del Rey,Round of 16,2017-01-11,H,Athletic,RW,78,Direct free kick,
1135,Messi,LaLiga,Group Stage,2017-01-14,H,UD Las Palmas  ,RW ,52,Right-footed shot,
1136,Messi,LaLiga,Group Stage,2017-01-22,A,SD Eibar  ,RW ,50,Left-footed shot,Luis Suárez
1137,Messi,Copa del Rey,Quarter-Finals,2017-01-26,H,Real Sociedad,RW ,55,Penalty,
1138,Messi,Copa del Rey,Semi-Finals,2017-02-01,A,Atlético Madrid,RW ,33,Left-footed shot,Ivan Rakitic
1139,Messi,LaLiga,Group Stage,2017-02-04,H,Athletic  ,RW ,40,Direct free kick,
1140,Messi,LaLiga,Group Stage,2017-02-11,A,Alavés  ,RW ,59,Left-footed shot,Neymar
1141,Messi,LaLiga,Group Stage,2017-02-19,H,CD Leganés  ,RW,4,Right-footed shot,Luis Suárez
1143,Messi,LaLiga,Group Stage,2017-02-26,A,Atlético Madrid  ,RW,86,Left-footed shot,
1144,Messi,LaLiga,Group Stage,2017-03-01,H,Sporting Gijón  ,RW ,9,Header,Javier Mascherano
1145,Messi,LaLiga,Group Stage,2017-03-04,H,Celta de Vigo  ,AM ,24,Left-footed shot,Sergio Busquets
1147,Messi,Champions League,Round of 16,2017-03-08,H,Paris SG,AM,50,Penalty,
1148,Messi,LaLiga,Group Stage,2017-03-19,H,Valencia  ,AM,45,Penalty,
1150,Messi,LaLiga,Group Stage,2017-04-05,H,Sevilla FC  ,RW,28,Right-footed shot,Luis Suárez
1152,Messi,LaLiga,Group Stage,2017-04-15,H,Real Sociedad  ,RW ,17,Left-footed shot,Luis Suárez
1154,Messi,LaLiga,Group Stage,2017-04-23,A,Real Madrid  ,RW,33,Left-footed shot,Ivan Rakitic
1156,Messi,LaLiga,Group Stage,2017-04-26,H,CA Osasuna  ,AM ,12,Left-footed shot,
1158,Messi,LaLiga,Group Stage,2017-05-06,H,Villarreal  ,RW,45,Left-footed shot,Sergio Busquets
1160,Messi,LaLiga,Group Stage,2017-05-21,H,SD Eibar  ,RW,75,Penalty,
1162,Messi,Copa del Rey,Final,2017-05-27,H,Alavés,RW,30,Left-footed shot,Neymar
1163,Messi,Supercopa,Final,2017-08-13,H,Real Madrid,RW,77,Penalty,
1164,Messi,LaLiga,Group Stage,2017-08-26,A,Alavés  ,CF,55,Left-footed shot,Jordi Alba
1166,Messi,LaLiga,Group Stage,2017-09-09,H,Espanyol  ,CF,26,Left-footed shot,Ivan Rakitic
1169,Messi,Champions League,Group Stage,2017-09-12,H,Juventus,CF,45,Left-footed shot,Luis Suárez
1171,Messi,LaLiga,Group Stage,2017-09-19,H,SD Eibar  ,CF,21,Penalty,
1175,Messi,LaLiga,Group Stage,2017-10-01,H,UD Las Palmas  ,SS,70,Left-footed shot,Denis Suárez
1177,Messi,Champions League,Group Stage,2017-10-18,H,Olympiacos,CF,61,Direct free kick,
1178,Messi,LaLiga,Group Stage,2017-10-28,A,Athletic  ,SS ,37,Left-footed shot,Jordi Alba
1179,Messi,LaLiga,Group Stage,2017-12-02,H,Celta de Vigo  ,SS,22,Left-footed shot,Paulinho
1180,Messi,LaLiga,Group Stage,2017-12-10,A,Villarreal  ,RW ,83,Left-footed shot,Sergio Busquets
1181,Messi,LaLiga,Group Stage,2017-12-23,A,Real Madrid  ,SS,64,Penalty,
1182,Messi,LaLiga,Group Stage,2018-01-07,H,Levante  ,SS,12,Left-footed shot,Jordi Alba
1183,Messi,Copa del Rey,Round of 16,2018-01-11,H,Celta de Vigo,SS,13,Left-footed shot,Jordi Alba
1185,Messi,LaLiga,Group Stage,2018-01-14,A,Real Sociedad  ,SS ,85,Direct free kick,
1186,Messi,LaLiga,Group Stage,2018-01-21,A,Real Betis  ,SS ,64,Left-footed shot,Sergio Busquets
1188,Messi,Copa del Rey,Quarter-Finals,2018-01-25,H,Espanyol,SS,25,Deflected shot on goal,
1189,Messi,LaLiga,Group Stage,2018-01-28,H,Alavés  ,SS,84,Direct free kick,
1190,Messi,Champions League,Round of 16,2018-02-20,A,Chelsea,SS,75,Left-footed shot,Andrés Iniesta
1191,Messi,LaLiga,Group Stage,2018-02-24,H,Girona  ,SS ,30,Left-footed shot,Luis Suárez
1193,Messi,LaLiga,Group Stage,2018-03-01,A,UD Las Palmas  ,SS,21,Direct free kick,
1194,Messi,LaLiga,Group Stage,2018-03-04,H,Atlético Madrid  ,SS,26,Direct free kick,
1195,Messi,Champions League,Round of 16,2018-03-14,H,Chelsea,SS,3,Right-footed shot,Luis Suárez
1197,Messi,LaLiga,Group Stage,2018-03-18,H,Athletic  ,SS ,30,Left-footed shot,Ousmane Dembélé
1198,Messi,LaLiga,Group Stage,2018-03-31,A,Sevilla FC  ,RW,89,Left-footed shot,Philippe Coutinho
1199,Messi,LaLiga,Group Stage,2018-04-07,H,CD Leganés  ,SS ,27,Direct free kick,
1202,Messi,Copa del Rey,Final,2018-04-21,A,Sevilla FC,SS,31,Left-footed shot,Jordi Alba
1203,Messi,LaLiga,Group Stage,2018-04-29,A,Dep. La Coruña  ,SS ,38,Left-footed shot,Luis Suárez
1206,Messi,LaLiga,Group Stage,2018-05-06,H,Real Madrid  ,SS,52,Left-footed shot,Luis Suárez
1207,Messi,LaLiga,Group Stage,2018-05-09,H,Villarreal  ,CF,45,Left-footed shot,Andrés Iniesta
1208,Messi,LaLiga,Group Stage,2018-08-18,H,Alavés  ,RW ,64,Direct free kick,
1210,Messi,LaLiga,Group Stage,2018-09-02,H,SD Huesca  ,RW ,16,Right-footed shot,Ivan Rakitic
1212,Messi,Champions League,Group Stage,2018-09-18,H,PSV Eindhoven,RW ,31,Direct free kick,
1215,Messi,LaLiga,Group Stage,2018-09-23,H,Girona  ,RW ,19,Left-footed shot,Arturo Vidal
1216,Messi,Champions League,Group Stage,2018-10-03,A,Spurs,RW ,56,Left-footed shot,Jordi Alba
1218,Messi,LaLiga,Group Stage,2018-10-07,A,Valencia  ,RW ,23,Left-footed shot,Luis Suárez
1219,Messi,LaLiga,Group Stage,2018-10-20,H,Sevilla FC  ,RW ,12,Left-footed shot,Luis Suárez
1220,Messi,LaLiga,Group Stage,2018-11-11,H,Real Betis  ,SS ,68,Penalty,
1222,Messi,Champions League,Group Stage,2018-11-28,A,PSV Eindhoven,CF ,61,Left-footed shot,Ousmane Dembélé
1223,Messi,LaLiga,Group Stage,2018-12-08,A,Espanyol  ,RW ,17,Direct free kick,
1225,Messi,LaLiga,Group Stage,2018-12-16,A,Levante  ,CF ,43,Right-footed shot,Sergio Busquets
1228,Messi,LaLiga,Group Stage,2018-12-22,H,Celta de Vigo  ,RW ,45,Left-footed shot,Jordi Alba
1229,Messi,LaLiga,Group Stage,2019-01-06,A,Getafe  ,RW ,20,Left-footed shot,
1230,Messi,LaLiga,Group Stage,2019-01-13,H,SD Eibar  ,RW ,53,Left-footed shot,Luis Suárez
1231,Messi,Copa del Rey,Round of 16,2019-01-17,H,Levante,CF ,54,Left-footed shot,Nélson Semedo
1232,Messi,LaLiga,Group Stage,2019-01-20,H,CD Leganés  ,SS,92,Right-footed shot,Jordi Alba
1233,Messi,LaLiga,Group Stage,2019-01-27,A,Girona  ,RW ,69,Left-footed shot,Jordi Alba
1234,Messi,Copa del Rey,Quarter-Finals,2019-01-30,H,Sevilla FC,RW ,92,Left-footed shot,Jordi Alba
1235,Messi,LaLiga,Group Stage,2019-02-02,H,Valencia  ,RW ,39,Penalty,
1237,Messi,LaLiga,Group Stage,2019-02-16,H,Real Valladolid  ,RW ,43,Penalty,
1238,Messi,LaLiga,Group Stage,2019-02-23,A,Sevilla FC  ,RW ,26,Left-footed shot,Ivan Rakitic
1241,Messi,LaLiga,Group Stage,2019-03-09,H,Rayo Vallecano  ,RW ,51,Penalty,
1242,Messi,Champions League,Round of 16,2019-03-13,H,Olympique Lyon,RW ,18,Penalty,
1244,Messi,LaLiga,Group Stage,2019-03-17,A,Real Betis  ,SS ,18,Direct free kick,
1247,Messi,LaLiga,Group Stage,2019-03-30,H,Espanyol  ,RW ,71,Direct free kick,
1249,Messi,LaLiga,Group Stage,2019-04-02,A,Villarreal  ,RW,90,Direct free kick,
1250,Messi,LaLiga,Group Stage,2019-04-06,H,Atlético Madrid  ,SS ,87,Left-footed shot,
1251,Messi,Champions League,Quarter-Finals,2019-04-16,H,Man Utd,RW ,16,Left-footed shot,
1253,Messi,LaLiga,Group Stage,2019-04-27,H,Levante  ,RW,62,Left-footed shot,Arturo Vidal
1254,Messi,Champions League,Semi-Finals,2019-05-01,H,Liverpool,RW ,75,Left-footed shot,Luis Suárez
1256,Messi,LaLiga,Group Stage,2019-05-19,A,SD Eibar  ,CF ,31,Left-footed shot,Arturo Vidal
1258,Messi,Copa del Rey,Final,2019-05-25,H,Valencia,CF ,73,Left-footed shot,Clément Lenglet
1259,Messi,LaLiga,Group Stage,2019-10-06,H,Sevilla FC  ,RW ,78,Direct free kick,
1260,Messi,LaLiga,Group Stage,2019-10-19,A,SD Eibar  ,RW ,58,Left-footed shot,Antoine Griezmann
1261,Messi,Champions League,Group Stage,2019-10-23,A,Slavia Prague,RW ,3,Left-footed shot,Arthur
1262,Messi,LaLiga,Group Stage,2019-10-29,H,Real Valladolid  ,RW ,34,Direct free kick,
1264,Messi,LaLiga,Group Stage,2019-11-02,A,Levante  ,RW ,38,Penalty,
1265,Messi,LaLiga,Group Stage,2019-11-09,H,Celta de Vigo  ,RW ,23,Penalty,
1268,Messi,Champions League,Group Stage,2019-11-27,H,Bor. Dortmund,RW ,33,Left-footed shot,Luis Suárez
1269,Messi,LaLiga,Group Stage,2019-12-01,A,Atlético Madrid  ,RW ,86,Left-footed shot,Luis Suárez
1270,Messi,LaLiga,Group Stage,2019-12-07,H,RCD Mallorca  ,RW ,17,Left-footed shot,Antoine Griezmann
1273,Messi,LaLiga,Group Stage,2019-12-21,H,Alavés  ,RW ,69,Left-footed shot,Luis Suárez
1274,Messi,Supercopa,Semi-Finals,2020-01-09,H,Atlético Madrid,RW ,51,Right-footed shot,Luis Suárez
1275,Messi,LaLiga,Group Stage,2020-01-19,H,Granada CF  ,CF ,76,Right-footed shot,Arturo Vidal
1276,Messi,Copa del Rey,Round of 16,2020-01-30,H,CD Leganés,RW ,59,Left-footed shot,Frenkie de Jong
1278,Messi,LaLiga,Group Stage,2020-02-22,H,SD Eibar  ,SS ,14,Left-footed shot,Ivan Rakitic
1282,Messi,LaLiga,Group Stage,2020-03-07,H,Real Sociedad  ,CF ,81,Penalty,
1283,Messi,LaLiga,Group Stage,2020-06-13,A,RCD Mallorca  ,RW ,93,Right-footed shot,Luis Suárez
1284,Messi,LaLiga,Group Stage,2020-06-16,H,CD Leganés  ,RW ,69,Penalty,
1285,Messi,LaLiga,Group Stage,2020-06-30,H,Atlético Madrid  ,SS ,50,Penalty,
1286,Messi,LaLiga,Group Stage,2020-07-16,H,CA Osasuna  ,RW ,62,Direct free kick,
1287,Messi,LaLiga,Group Stage,2020-07-19,A,Alavés  ,RW ,34,Left-footed shot,Riqui Puig
1289,Messi,Champions League,Round of 16,2020-08-08,H,SSC Napoli,SS ,23,Left-footed shot,
1290,Messi,LaLiga,Group Stage,2020-09-27,H,Villarreal  ,CF ,35,Penalty,
1291,Messi,Champions League,Group Stage,2020-10-20,H,Ferencváros,CF ,27,Penalty,
1292,Messi,Champions League,Group Stage,2020-10-28,A,Juventus,CF ,91,Penalty,
1293,Messi,Champions League,Group Stage,2020-11-04,H,Dynamo Kyiv,RW ,5,Penalty,
1294,Messi,LaLiga,Group Stage,2020-11-07,H,Real Betis  ,SS,61,Penalty,
1296,Messi,LaLiga,Group Stage,2020-11-29,H,CA Osasuna  ,RW ,73,Left-footed shot,Trincão
1297,Messi,LaLiga,Group Stage,2020-12-13,H,Levante  ,CF ,76,Left-footed shot,Frenkie de Jong
1298,Messi,LaLiga,Group Stage,2020-12-19,H,Valencia  ,CF ,49,Header,
1299,Messi,LaLiga,Group Stage,2020-12-22,A,Real Valladolid  ,SS ,65,Left-footed shot,Pedri
